Module,Function,SubFunction,Role,PermissionCode,FrontendRoute,APIEndpoint,UILocation,Scope,AccessStatus,EntitlementRequired,SubscriptionRequired
AUTHENTICATION,User Login,Credentials Authentication & Token Issuance,SYSTEM_OWNER,auth.login,/login,POST /api/auth/login,Login Form Modal,Public,ALLOW,None,None
AUTHENTICATION,User Login,Credentials Authentication & Token Issuance,SUPER_ADMIN,auth.login,/login,POST /api/auth/login,Login Form Modal,Public,ALLOW,None,None
AUTHENTICATION,User Login,Credentials Authentication & Token Issuance,ADMIN,auth.login,/login,POST /api/auth/login,Login Form Modal,Public,ALLOW,None,None
AUTHENTICATION,User Login,Credentials Authentication & Token Issuance,STAFF,auth.login,/login,POST /api/auth/login,Login Form Modal,Public,ALLOW,None,None
AUTHENTICATION,User Login,Credentials Authentication & Token Issuance,CUSTOMER_OWNER,auth.login,/login,POST /api/auth/login,Login Form Modal,Public,ALLOW,None,None
AUTHENTICATION,User Login,Credentials Authentication & Token Issuance,CUSTOMER_MANAGER,auth.login,/login,POST /api/auth/login,Login Form Modal,Public,ALLOW,None,None
AUTHENTICATION,User Login,Credentials Authentication & Token Issuance,CUSTOMER_STAFF,auth.login,/login,POST /api/auth/login,Login Form Modal,Public,ALLOW,None,None
AUTHENTICATION,Trial Registration,Self-Serve 14-Day Pro Trial Onboarding,SYSTEM_OWNER,auth.register,/register-trial,POST /api/auth/register-trial,Trial Modal (#modal-trial-register),Public,DENY,None,None
AUTHENTICATION,Trial Registration,Self-Serve 14-Day Pro Trial Onboarding,SUPER_ADMIN,auth.register,/register-trial,POST /api/auth/register-trial,Trial Modal (#modal-trial-register),Public,DENY,None,None
AUTHENTICATION,Trial Registration,Self-Serve 14-Day Pro Trial Onboarding,ADMIN,auth.register,/register-trial,POST /api/auth/register-trial,Trial Modal (#modal-trial-register),Public,DENY,None,None
AUTHENTICATION,Trial Registration,Self-Serve 14-Day Pro Trial Onboarding,STAFF,auth.register,/register-trial,POST /api/auth/register-trial,Trial Modal (#modal-trial-register),Public,DENY,None,None
AUTHENTICATION,Trial Registration,Self-Serve 14-Day Pro Trial Onboarding,CUSTOMER_OWNER,auth.register,/register-trial,POST /api/auth/register-trial,Trial Modal (#modal-trial-register),Public,ALLOW,None,None
AUTHENTICATION,Trial Registration,Self-Serve 14-Day Pro Trial Onboarding,CUSTOMER_MANAGER,auth.register,/register-trial,POST /api/auth/register-trial,Trial Modal (#modal-trial-register),Public,DENY,None,None
AUTHENTICATION,Trial Registration,Self-Serve 14-Day Pro Trial Onboarding,CUSTOMER_STAFF,auth.register,/register-trial,POST /api/auth/register-trial,Trial Modal (#modal-trial-register),Public,DENY,None,None
AUTHENTICATION,Public Lead Contact,Enterprise Inquiry Submission,SYSTEM_OWNER,leads.create,/contact,POST /api/public/leads/contact,Enterprise Modal (#modal-enterprise-contact),Public,DENY,None,None
AUTHENTICATION,Public Lead Contact,Enterprise Inquiry Submission,SUPER_ADMIN,leads.create,/contact,POST /api/public/leads/contact,Enterprise Modal (#modal-enterprise-contact),Public,DENY,None,None
AUTHENTICATION,Public Lead Contact,Enterprise Inquiry Submission,ADMIN,leads.create,/contact,POST /api/public/leads/contact,Enterprise Modal (#modal-enterprise-contact),Public,DENY,None,None
AUTHENTICATION,Public Lead Contact,Enterprise Inquiry Submission,STAFF,leads.create,/contact,POST /api/public/leads/contact,Enterprise Modal (#modal-enterprise-contact),Public,DENY,None,None
AUTHENTICATION,Public Lead Contact,Enterprise Inquiry Submission,CUSTOMER_OWNER,leads.create,/contact,POST /api/public/leads/contact,Enterprise Modal (#modal-enterprise-contact),Public,ALLOW,None,None
AUTHENTICATION,Public Lead Contact,Enterprise Inquiry Submission,CUSTOMER_MANAGER,leads.create,/contact,POST /api/public/leads/contact,Enterprise Modal (#modal-enterprise-contact),Public,DENY,None,None
AUTHENTICATION,Public Lead Contact,Enterprise Inquiry Submission,CUSTOMER_STAFF,leads.create,/contact,POST /api/public/leads/contact,Enterprise Modal (#modal-enterprise-contact),Public,DENY,None,None
SEARCH,Quick Search,Text Query & Keyword Search,SYSTEM_OWNER,search.use,/app/search,GET /api/parts/search,Search View (#search-view),Organization Scoped,ALLOW,SEARCH_QUOTA,ACTIVE
SEARCH,Quick Search,Text Query & Keyword Search,SUPER_ADMIN,search.use,/app/search,GET /api/parts/search,Search View (#search-view),Organization Scoped,ALLOW,SEARCH_QUOTA,ACTIVE
SEARCH,Quick Search,Text Query & Keyword Search,ADMIN,search.use,/app/search,GET /api/parts/search,Search View (#search-view),Organization Scoped,ALLOW,SEARCH_QUOTA,ACTIVE
SEARCH,Quick Search,Text Query & Keyword Search,STAFF,search.use,/app/search,GET /api/parts/search,Search View (#search-view),Organization Scoped,ALLOW,SEARCH_QUOTA,ACTIVE
SEARCH,Quick Search,Text Query & Keyword Search,CUSTOMER_OWNER,search.use,/app/search,GET /api/parts/search,Search View (#search-view),Organization Scoped,ALLOW,SEARCH_QUOTA,ACTIVE
SEARCH,Quick Search,Text Query & Keyword Search,CUSTOMER_MANAGER,search.use,/app/search,GET /api/parts/search,Search View (#search-view),Organization Scoped,ALLOW,SEARCH_QUOTA,ACTIVE
SEARCH,Quick Search,Text Query & Keyword Search,CUSTOMER_STAFF,search.use,/app/search,GET /api/parts/search,Search View (#search-view),Organization Scoped,ALLOW,SEARCH_QUOTA,ACTIVE
SEARCH,OEM Search,Original Equipment Part Number Exact/Fuzzy,SYSTEM_OWNER,search.use,/app/search,GET /api/parts/search?oem_code=...,Search View OEM Input,Organization Scoped,ALLOW,SEARCH_QUOTA,ACTIVE
SEARCH,OEM Search,Original Equipment Part Number Exact/Fuzzy,SUPER_ADMIN,search.use,/app/search,GET /api/parts/search?oem_code=...,Search View OEM Input,Organization Scoped,ALLOW,SEARCH_QUOTA,ACTIVE
SEARCH,OEM Search,Original Equipment Part Number Exact/Fuzzy,ADMIN,search.use,/app/search,GET /api/parts/search?oem_code=...,Search View OEM Input,Organization Scoped,ALLOW,SEARCH_QUOTA,ACTIVE
SEARCH,OEM Search,Original Equipment Part Number Exact/Fuzzy,STAFF,search.use,/app/search,GET /api/parts/search?oem_code=...,Search View OEM Input,Organization Scoped,ALLOW,SEARCH_QUOTA,ACTIVE
SEARCH,OEM Search,Original Equipment Part Number Exact/Fuzzy,CUSTOMER_OWNER,search.use,/app/search,GET /api/parts/search?oem_code=...,Search View OEM Input,Organization Scoped,ALLOW,SEARCH_QUOTA,ACTIVE
SEARCH,OEM Search,Original Equipment Part Number Exact/Fuzzy,CUSTOMER_MANAGER,search.use,/app/search,GET /api/parts/search?oem_code=...,Search View OEM Input,Organization Scoped,ALLOW,SEARCH_QUOTA,ACTIVE
SEARCH,OEM Search,Original Equipment Part Number Exact/Fuzzy,CUSTOMER_STAFF,search.use,/app/search,GET /api/parts/search?oem_code=...,Search View OEM Input,Organization Scoped,ALLOW,SEARCH_QUOTA,ACTIVE
SEARCH,SKU / Aftermarket Search,Brand & Part Number Lookup,SYSTEM_OWNER,search.use,/app/search,GET /api/parts/search?aftermarket_part=...,Search View SKU Input,Organization Scoped,ALLOW,SEARCH_QUOTA,ACTIVE
SEARCH,SKU / Aftermarket Search,Brand & Part Number Lookup,SUPER_ADMIN,search.use,/app/search,GET /api/parts/search?aftermarket_part=...,Search View SKU Input,Organization Scoped,ALLOW,SEARCH_QUOTA,ACTIVE
SEARCH,SKU / Aftermarket Search,Brand & Part Number Lookup,ADMIN,search.use,/app/search,GET /api/parts/search?aftermarket_part=...,Search View SKU Input,Organization Scoped,ALLOW,SEARCH_QUOTA,ACTIVE
SEARCH,SKU / Aftermarket Search,Brand & Part Number Lookup,STAFF,search.use,/app/search,GET /api/parts/search?aftermarket_part=...,Search View SKU Input,Organization Scoped,ALLOW,SEARCH_QUOTA,ACTIVE
SEARCH,SKU / Aftermarket Search,Brand & Part Number Lookup,CUSTOMER_OWNER,search.use,/app/search,GET /api/parts/search?aftermarket_part=...,Search View SKU Input,Organization Scoped,ALLOW,SEARCH_QUOTA,ACTIVE
SEARCH,SKU / Aftermarket Search,Brand & Part Number Lookup,CUSTOMER_MANAGER,search.use,/app/search,GET /api/parts/search?aftermarket_part=...,Search View SKU Input,Organization Scoped,ALLOW,SEARCH_QUOTA,ACTIVE
SEARCH,SKU / Aftermarket Search,Brand & Part Number Lookup,CUSTOMER_STAFF,search.use,/app/search,GET /api/parts/search?aftermarket_part=...,Search View SKU Input,Organization Scoped,ALLOW,SEARCH_QUOTA,ACTIVE
SEARCH,VIN Lookup Engine,17-Digit VIN WMI/VDS/VIS Decoding,SYSTEM_OWNER,search.vin,/app/search,GET /api/parts/decode-vin,VIN Input & Camera Scan,Organization Scoped,ALLOW,VIN_SEARCH (PRO+),ACTIVE
SEARCH,VIN Lookup Engine,17-Digit VIN WMI/VDS/VIS Decoding,SUPER_ADMIN,search.vin,/app/search,GET /api/parts/decode-vin,VIN Input & Camera Scan,Organization Scoped,ALLOW,VIN_SEARCH (PRO+),ACTIVE
SEARCH,VIN Lookup Engine,17-Digit VIN WMI/VDS/VIS Decoding,ADMIN,search.vin,/app/search,GET /api/parts/decode-vin,VIN Input & Camera Scan,Organization Scoped,ALLOW,VIN_SEARCH (PRO+),ACTIVE
SEARCH,VIN Lookup Engine,17-Digit VIN WMI/VDS/VIS Decoding,STAFF,search.vin,/app/search,GET /api/parts/decode-vin,VIN Input & Camera Scan,Organization Scoped,ALLOW,VIN_SEARCH (PRO+),ACTIVE
SEARCH,VIN Lookup Engine,17-Digit VIN WMI/VDS/VIS Decoding,CUSTOMER_OWNER,search.vin,/app/search,GET /api/parts/decode-vin,VIN Input & Camera Scan,Organization Scoped,ALLOW,VIN_SEARCH (PRO+),ACTIVE
SEARCH,VIN Lookup Engine,17-Digit VIN WMI/VDS/VIS Decoding,CUSTOMER_MANAGER,search.vin,/app/search,GET /api/parts/decode-vin,VIN Input & Camera Scan,Organization Scoped,ALLOW,VIN_SEARCH (PRO+),ACTIVE
SEARCH,VIN Lookup Engine,17-Digit VIN WMI/VDS/VIS Decoding,CUSTOMER_STAFF,search.vin,/app/search,GET /api/parts/decode-vin,VIN Input & Camera Scan,Organization Scoped,ALLOW,VIN_SEARCH (PRO+),ACTIVE
SEARCH,Vehicle Fitment Filter,"Make, Model, Submodel & Year Filtering",SYSTEM_OWNER,search.vehicle,/app/search,GET /api/parts/search?car_brand=...&car_model=...,Vehicle Filter Dropdowns,Organization Scoped,ALLOW,VEHICLE_SEARCH,ACTIVE
SEARCH,Vehicle Fitment Filter,"Make, Model, Submodel & Year Filtering",SUPER_ADMIN,search.vehicle,/app/search,GET /api/parts/search?car_brand=...&car_model=...,Vehicle Filter Dropdowns,Organization Scoped,ALLOW,VEHICLE_SEARCH,ACTIVE
SEARCH,Vehicle Fitment Filter,"Make, Model, Submodel & Year Filtering",ADMIN,search.vehicle,/app/search,GET /api/parts/search?car_brand=...&car_model=...,Vehicle Filter Dropdowns,Organization Scoped,ALLOW,VEHICLE_SEARCH,ACTIVE
SEARCH,Vehicle Fitment Filter,"Make, Model, Submodel & Year Filtering",STAFF,search.vehicle,/app/search,GET /api/parts/search?car_brand=...&car_model=...,Vehicle Filter Dropdowns,Organization Scoped,ALLOW,VEHICLE_SEARCH,ACTIVE
SEARCH,Vehicle Fitment Filter,"Make, Model, Submodel & Year Filtering",CUSTOMER_OWNER,search.vehicle,/app/search,GET /api/parts/search?car_brand=...&car_model=...,Vehicle Filter Dropdowns,Organization Scoped,ALLOW,VEHICLE_SEARCH,ACTIVE
SEARCH,Vehicle Fitment Filter,"Make, Model, Submodel & Year Filtering",CUSTOMER_MANAGER,search.vehicle,/app/search,GET /api/parts/search?car_brand=...&car_model=...,Vehicle Filter Dropdowns,Organization Scoped,ALLOW,VEHICLE_SEARCH,ACTIVE
SEARCH,Vehicle Fitment Filter,"Make, Model, Submodel & Year Filtering",CUSTOMER_STAFF,search.vehicle,/app/search,GET /api/parts/search?car_brand=...&car_model=...,Vehicle Filter Dropdowns,Organization Scoped,ALLOW,VEHICLE_SEARCH,ACTIVE
SEARCH,Product Detail Inspection,Full Technical Specs & Applications,SYSTEM_OWNER,parts.view,/app/product/:id,GET /api/parts/product/{part_id},Product Detail Modal,Organization Scoped,ALLOW,SEARCH_QUOTA,ACTIVE
SEARCH,Product Detail Inspection,Full Technical Specs & Applications,SUPER_ADMIN,parts.view,/app/product/:id,GET /api/parts/product/{part_id},Product Detail Modal,Organization Scoped,ALLOW,SEARCH_QUOTA,ACTIVE
SEARCH,Product Detail Inspection,Full Technical Specs & Applications,ADMIN,parts.view,/app/product/:id,GET /api/parts/product/{part_id},Product Detail Modal,Organization Scoped,ALLOW,SEARCH_QUOTA,ACTIVE
SEARCH,Product Detail Inspection,Full Technical Specs & Applications,STAFF,parts.view,/app/product/:id,GET /api/parts/product/{part_id},Product Detail Modal,Organization Scoped,ALLOW,SEARCH_QUOTA,ACTIVE
SEARCH,Product Detail Inspection,Full Technical Specs & Applications,CUSTOMER_OWNER,parts.view,/app/product/:id,GET /api/parts/product/{part_id},Product Detail Modal,Organization Scoped,ALLOW,SEARCH_QUOTA,ACTIVE
SEARCH,Product Detail Inspection,Full Technical Specs & Applications,CUSTOMER_MANAGER,parts.view,/app/product/:id,GET /api/parts/product/{part_id},Product Detail Modal,Organization Scoped,ALLOW,SEARCH_QUOTA,ACTIVE
SEARCH,Product Detail Inspection,Full Technical Specs & Applications,CUSTOMER_STAFF,parts.view,/app/product/:id,GET /api/parts/product/{part_id},Product Detail Modal,Organization Scoped,ALLOW,SEARCH_QUOTA,ACTIVE
SEARCH,Public Demo Search,Limited 3-Result Preview for Guests,SYSTEM_OWNER,public.search,/demo,GET /api/public/demo-search,Public Landing Page,Public,DENY,None,None
SEARCH,Public Demo Search,Limited 3-Result Preview for Guests,SUPER_ADMIN,public.search,/demo,GET /api/public/demo-search,Public Landing Page,Public,DENY,None,None
SEARCH,Public Demo Search,Limited 3-Result Preview for Guests,ADMIN,public.search,/demo,GET /api/public/demo-search,Public Landing Page,Public,DENY,None,None
SEARCH,Public Demo Search,Limited 3-Result Preview for Guests,STAFF,public.search,/demo,GET /api/public/demo-search,Public Landing Page,Public,DENY,None,None
SEARCH,Public Demo Search,Limited 3-Result Preview for Guests,CUSTOMER_OWNER,public.search,/demo,GET /api/public/demo-search,Public Landing Page,Public,ALLOW,None,None
SEARCH,Public Demo Search,Limited 3-Result Preview for Guests,CUSTOMER_MANAGER,public.search,/demo,GET /api/public/demo-search,Public Landing Page,Public,ALLOW,None,None
SEARCH,Public Demo Search,Limited 3-Result Preview for Guests,CUSTOMER_STAFF,public.search,/demo,GET /api/public/demo-search,Public Landing Page,Public,ALLOW,None,None
CROSS_REFERENCE,Cross Reference Matrix,Typed OE-Aftermarket Interchange Matrix,SYSTEM_OWNER,search.cross_reference,/app/cross-reference,GET /api/parts/cross-reference-matrix,Cross-Ref View (#crossref-view),Organization Scoped,ALLOW,CROSS_REFERENCE,ACTIVE
CROSS_REFERENCE,Cross Reference Matrix,Typed OE-Aftermarket Interchange Matrix,SUPER_ADMIN,search.cross_reference,/app/cross-reference,GET /api/parts/cross-reference-matrix,Cross-Ref View (#crossref-view),Organization Scoped,ALLOW,CROSS_REFERENCE,ACTIVE
CROSS_REFERENCE,Cross Reference Matrix,Typed OE-Aftermarket Interchange Matrix,ADMIN,search.cross_reference,/app/cross-reference,GET /api/parts/cross-reference-matrix,Cross-Ref View (#crossref-view),Organization Scoped,ALLOW,CROSS_REFERENCE,ACTIVE
CROSS_REFERENCE,Cross Reference Matrix,Typed OE-Aftermarket Interchange Matrix,STAFF,search.cross_reference,/app/cross-reference,GET /api/parts/cross-reference-matrix,Cross-Ref View (#crossref-view),Organization Scoped,ALLOW,CROSS_REFERENCE,ACTIVE
CROSS_REFERENCE,Cross Reference Matrix,Typed OE-Aftermarket Interchange Matrix,CUSTOMER_OWNER,search.cross_reference,/app/cross-reference,GET /api/parts/cross-reference-matrix,Cross-Ref View (#crossref-view),Organization Scoped,ALLOW,CROSS_REFERENCE,ACTIVE
CROSS_REFERENCE,Cross Reference Matrix,Typed OE-Aftermarket Interchange Matrix,CUSTOMER_MANAGER,search.cross_reference,/app/cross-reference,GET /api/parts/cross-reference-matrix,Cross-Ref View (#crossref-view),Organization Scoped,ALLOW,CROSS_REFERENCE,ACTIVE
CROSS_REFERENCE,Cross Reference Matrix,Typed OE-Aftermarket Interchange Matrix,CUSTOMER_STAFF,search.cross_reference,/app/cross-reference,GET /api/parts/cross-reference-matrix,Cross-Ref View (#crossref-view),Organization Scoped,ALLOW,CROSS_REFERENCE,ACTIVE
CROSS_REFERENCE,Interchange Comparison,OE vs Brand Equivalent Comparison,SYSTEM_OWNER,search.cross_reference,/app/cross-reference,GET /api/parts/cross-reference-matrix,Interchange Compare Table,Organization Scoped,ALLOW,CROSS_REFERENCE,ACTIVE
CROSS_REFERENCE,Interchange Comparison,OE vs Brand Equivalent Comparison,SUPER_ADMIN,search.cross_reference,/app/cross-reference,GET /api/parts/cross-reference-matrix,Interchange Compare Table,Organization Scoped,ALLOW,CROSS_REFERENCE,ACTIVE
CROSS_REFERENCE,Interchange Comparison,OE vs Brand Equivalent Comparison,ADMIN,search.cross_reference,/app/cross-reference,GET /api/parts/cross-reference-matrix,Interchange Compare Table,Organization Scoped,ALLOW,CROSS_REFERENCE,ACTIVE
CROSS_REFERENCE,Interchange Comparison,OE vs Brand Equivalent Comparison,STAFF,search.cross_reference,/app/cross-reference,GET /api/parts/cross-reference-matrix,Interchange Compare Table,Organization Scoped,ALLOW,CROSS_REFERENCE,ACTIVE
CROSS_REFERENCE,Interchange Comparison,OE vs Brand Equivalent Comparison,CUSTOMER_OWNER,search.cross_reference,/app/cross-reference,GET /api/parts/cross-reference-matrix,Interchange Compare Table,Organization Scoped,ALLOW,CROSS_REFERENCE,ACTIVE
CROSS_REFERENCE,Interchange Comparison,OE vs Brand Equivalent Comparison,CUSTOMER_MANAGER,search.cross_reference,/app/cross-reference,GET /api/parts/cross-reference-matrix,Interchange Compare Table,Organization Scoped,ALLOW,CROSS_REFERENCE,ACTIVE
CROSS_REFERENCE,Interchange Comparison,OE vs Brand Equivalent Comparison,CUSTOMER_STAFF,search.cross_reference,/app/cross-reference,GET /api/parts/cross-reference-matrix,Interchange Compare Table,Organization Scoped,ALLOW,CROSS_REFERENCE,ACTIVE
SAVED,Save / Bookmark Part,Add Part to Organization Favorites,SYSTEM_OWNER,parts.save,/app/favorites,POST /api/saas/favorites/toggle,Favorites View (#favorites-view),Organization Scoped,ALLOW,SAVED_PARTS,ACTIVE
SAVED,Save / Bookmark Part,Add Part to Organization Favorites,SUPER_ADMIN,parts.save,/app/favorites,POST /api/saas/favorites/toggle,Favorites View (#favorites-view),Organization Scoped,ALLOW,SAVED_PARTS,ACTIVE
SAVED,Save / Bookmark Part,Add Part to Organization Favorites,ADMIN,parts.save,/app/favorites,POST /api/saas/favorites/toggle,Favorites View (#favorites-view),Organization Scoped,ALLOW,SAVED_PARTS,ACTIVE
SAVED,Save / Bookmark Part,Add Part to Organization Favorites,STAFF,parts.save,/app/favorites,POST /api/saas/favorites/toggle,Favorites View (#favorites-view),Organization Scoped,ALLOW,SAVED_PARTS,ACTIVE
SAVED,Save / Bookmark Part,Add Part to Organization Favorites,CUSTOMER_OWNER,parts.save,/app/favorites,POST /api/saas/favorites/toggle,Favorites View (#favorites-view),Organization Scoped,ALLOW,SAVED_PARTS,ACTIVE
SAVED,Save / Bookmark Part,Add Part to Organization Favorites,CUSTOMER_MANAGER,parts.save,/app/favorites,POST /api/saas/favorites/toggle,Favorites View (#favorites-view),Organization Scoped,ALLOW,SAVED_PARTS,ACTIVE
SAVED,Save / Bookmark Part,Add Part to Organization Favorites,CUSTOMER_STAFF,parts.save,/app/favorites,POST /api/saas/favorites/toggle,Favorites View (#favorites-view),Organization Scoped,ALLOW,SAVED_PARTS,ACTIVE
SAVED,View Saved Parts,List All Bookmarked Parts,SYSTEM_OWNER,parts.save,/app/favorites,GET /api/saas/favorites,Favorites Table,Organization Scoped,ALLOW,SAVED_PARTS,ACTIVE
SAVED,View Saved Parts,List All Bookmarked Parts,SUPER_ADMIN,parts.save,/app/favorites,GET /api/saas/favorites,Favorites Table,Organization Scoped,ALLOW,SAVED_PARTS,ACTIVE
SAVED,View Saved Parts,List All Bookmarked Parts,ADMIN,parts.save,/app/favorites,GET /api/saas/favorites,Favorites Table,Organization Scoped,ALLOW,SAVED_PARTS,ACTIVE
SAVED,View Saved Parts,List All Bookmarked Parts,STAFF,parts.save,/app/favorites,GET /api/saas/favorites,Favorites Table,Organization Scoped,ALLOW,SAVED_PARTS,ACTIVE
SAVED,View Saved Parts,List All Bookmarked Parts,CUSTOMER_OWNER,parts.save,/app/favorites,GET /api/saas/favorites,Favorites Table,Organization Scoped,ALLOW,SAVED_PARTS,ACTIVE
SAVED,View Saved Parts,List All Bookmarked Parts,CUSTOMER_MANAGER,parts.save,/app/favorites,GET /api/saas/favorites,Favorites Table,Organization Scoped,ALLOW,SAVED_PARTS,ACTIVE
SAVED,View Saved Parts,List All Bookmarked Parts,CUSTOMER_STAFF,parts.save,/app/favorites,GET /api/saas/favorites,Favorites Table,Organization Scoped,ALLOW,SAVED_PARTS,ACTIVE
SAVED,Search History Log,Personal Search Audit & History,SYSTEM_OWNER,search.use,/app/history,GET /api/saas/history,History View (#history-view),User Scoped,ALLOW,None,ACTIVE
SAVED,Search History Log,Personal Search Audit & History,SUPER_ADMIN,search.use,/app/history,GET /api/saas/history,History View (#history-view),User Scoped,ALLOW,None,ACTIVE
SAVED,Search History Log,Personal Search Audit & History,ADMIN,search.use,/app/history,GET /api/saas/history,History View (#history-view),User Scoped,ALLOW,None,ACTIVE
SAVED,Search History Log,Personal Search Audit & History,STAFF,search.use,/app/history,GET /api/saas/history,History View (#history-view),User Scoped,ALLOW,None,ACTIVE
SAVED,Search History Log,Personal Search Audit & History,CUSTOMER_OWNER,search.use,/app/history,GET /api/saas/history,History View (#history-view),User Scoped,ALLOW,None,ACTIVE
SAVED,Search History Log,Personal Search Audit & History,CUSTOMER_MANAGER,search.use,/app/history,GET /api/saas/history,History View (#history-view),User Scoped,ALLOW,None,ACTIVE
SAVED,Search History Log,Personal Search Audit & History,CUSTOMER_STAFF,search.use,/app/history,GET /api/saas/history,History View (#history-view),User Scoped,ALLOW,None,ACTIVE
SAVED,Clear History Item,Delete Search Query Record,SYSTEM_OWNER,search.use,/app/history,DELETE /api/saas/history/{id},History Delete Button,User Scoped,ALLOW,None,ACTIVE
SAVED,Clear History Item,Delete Search Query Record,SUPER_ADMIN,search.use,/app/history,DELETE /api/saas/history/{id},History Delete Button,User Scoped,ALLOW,None,ACTIVE
SAVED,Clear History Item,Delete Search Query Record,ADMIN,search.use,/app/history,DELETE /api/saas/history/{id},History Delete Button,User Scoped,ALLOW,None,ACTIVE
SAVED,Clear History Item,Delete Search Query Record,STAFF,search.use,/app/history,DELETE /api/saas/history/{id},History Delete Button,User Scoped,ALLOW,None,ACTIVE
SAVED,Clear History Item,Delete Search Query Record,CUSTOMER_OWNER,search.use,/app/history,DELETE /api/saas/history/{id},History Delete Button,User Scoped,ALLOW,None,ACTIVE
SAVED,Clear History Item,Delete Search Query Record,CUSTOMER_MANAGER,search.use,/app/history,DELETE /api/saas/history/{id},History Delete Button,User Scoped,ALLOW,None,ACTIVE
SAVED,Clear History Item,Delete Search Query Record,CUSTOMER_STAFF,search.use,/app/history,DELETE /api/saas/history/{id},History Delete Button,User Scoped,ALLOW,None,ACTIVE
ORGANIZATION,View Organization Profile,"Inspect Company Info, Tax ID & Settings",SYSTEM_OWNER,organization.view,/app/settings,GET /api/saas/organization,Settings View (#settings-view),Organization Scoped,ALLOW,None,ACTIVE
ORGANIZATION,View Organization Profile,"Inspect Company Info, Tax ID & Settings",SUPER_ADMIN,organization.view,/app/settings,GET /api/saas/organization,Settings View (#settings-view),Organization Scoped,ALLOW,None,ACTIVE
ORGANIZATION,View Organization Profile,"Inspect Company Info, Tax ID & Settings",ADMIN,organization.view,/app/settings,GET /api/saas/organization,Settings View (#settings-view),Organization Scoped,ALLOW,None,ACTIVE
ORGANIZATION,View Organization Profile,"Inspect Company Info, Tax ID & Settings",STAFF,organization.view,/app/settings,GET /api/saas/organization,Settings View (#settings-view),Organization Scoped,DENY,None,ACTIVE
ORGANIZATION,View Organization Profile,"Inspect Company Info, Tax ID & Settings",CUSTOMER_OWNER,organization.view,/app/settings,GET /api/saas/organization,Settings View (#settings-view),Organization Scoped,ALLOW,None,ACTIVE
ORGANIZATION,View Organization Profile,"Inspect Company Info, Tax ID & Settings",CUSTOMER_MANAGER,organization.view,/app/settings,GET /api/saas/organization,Settings View (#settings-view),Organization Scoped,ALLOW,None,ACTIVE
ORGANIZATION,View Organization Profile,"Inspect Company Info, Tax ID & Settings",CUSTOMER_STAFF,organization.view,/app/settings,GET /api/saas/organization,Settings View (#settings-view),Organization Scoped,DENY,None,ACTIVE
ORGANIZATION,Update Organization Profile,"Edit Tax ID, Head Office Address & Billing Contact",SYSTEM_OWNER,organization.update,/app/settings,PUT /api/saas/organization,Company Profile Form,Organization Scoped,ALLOW,None,ACTIVE
ORGANIZATION,Update Organization Profile,"Edit Tax ID, Head Office Address & Billing Contact",SUPER_ADMIN,organization.update,/app/settings,PUT /api/saas/organization,Company Profile Form,Organization Scoped,ALLOW,None,ACTIVE
ORGANIZATION,Update Organization Profile,"Edit Tax ID, Head Office Address & Billing Contact",ADMIN,organization.update,/app/settings,PUT /api/saas/organization,Company Profile Form,Organization Scoped,ALLOW,None,ACTIVE
ORGANIZATION,Update Organization Profile,"Edit Tax ID, Head Office Address & Billing Contact",STAFF,organization.update,/app/settings,PUT /api/saas/organization,Company Profile Form,Organization Scoped,DENY,None,ACTIVE
ORGANIZATION,Update Organization Profile,"Edit Tax ID, Head Office Address & Billing Contact",CUSTOMER_OWNER,organization.update,/app/settings,PUT /api/saas/organization,Company Profile Form,Organization Scoped,ALLOW,None,ACTIVE
ORGANIZATION,Update Organization Profile,"Edit Tax ID, Head Office Address & Billing Contact",CUSTOMER_MANAGER,organization.update,/app/settings,PUT /api/saas/organization,Company Profile Form,Organization Scoped,DENY,None,ACTIVE
ORGANIZATION,Update Organization Profile,"Edit Tax ID, Head Office Address & Billing Contact",CUSTOMER_STAFF,organization.update,/app/settings,PUT /api/saas/organization,Company Profile Form,Organization Scoped,DENY,None,ACTIVE
USERS,View Team Members,"List Organization Users, Roles & Seats",SYSTEM_OWNER,users.view,/app/settings,GET /api/saas/organization/members,Team Roster Table,Organization Scoped,ALLOW,None,ACTIVE
USERS,View Team Members,"List Organization Users, Roles & Seats",SUPER_ADMIN,users.view,/app/settings,GET /api/saas/organization/members,Team Roster Table,Organization Scoped,ALLOW,None,ACTIVE
USERS,View Team Members,"List Organization Users, Roles & Seats",ADMIN,users.view,/app/settings,GET /api/saas/organization/members,Team Roster Table,Organization Scoped,ALLOW,None,ACTIVE
USERS,View Team Members,"List Organization Users, Roles & Seats",STAFF,users.view,/app/settings,GET /api/saas/organization/members,Team Roster Table,Organization Scoped,DENY,None,ACTIVE
USERS,View Team Members,"List Organization Users, Roles & Seats",CUSTOMER_OWNER,users.view,/app/settings,GET /api/saas/organization/members,Team Roster Table,Organization Scoped,ALLOW,None,ACTIVE
USERS,View Team Members,"List Organization Users, Roles & Seats",CUSTOMER_MANAGER,users.view,/app/settings,GET /api/saas/organization/members,Team Roster Table,Organization Scoped,ALLOW,None,ACTIVE
USERS,View Team Members,"List Organization Users, Roles & Seats",CUSTOMER_STAFF,users.view,/app/settings,GET /api/saas/organization/members,Team Roster Table,Organization Scoped,DENY,None,ACTIVE
USERS,Invite Team Member,Send Invitation Email / Seat Allocation,SYSTEM_OWNER,users.invite,/app/settings,POST /api/saas/organization/invite,Invite Modal (#modal-invite-user),Organization Scoped,ALLOW,USER_LIMIT,ACTIVE
USERS,Invite Team Member,Send Invitation Email / Seat Allocation,SUPER_ADMIN,users.invite,/app/settings,POST /api/saas/organization/invite,Invite Modal (#modal-invite-user),Organization Scoped,ALLOW,USER_LIMIT,ACTIVE
USERS,Invite Team Member,Send Invitation Email / Seat Allocation,ADMIN,users.invite,/app/settings,POST /api/saas/organization/invite,Invite Modal (#modal-invite-user),Organization Scoped,ALLOW,USER_LIMIT,ACTIVE
USERS,Invite Team Member,Send Invitation Email / Seat Allocation,STAFF,users.invite,/app/settings,POST /api/saas/organization/invite,Invite Modal (#modal-invite-user),Organization Scoped,DENY,USER_LIMIT,ACTIVE
USERS,Invite Team Member,Send Invitation Email / Seat Allocation,CUSTOMER_OWNER,users.invite,/app/settings,POST /api/saas/organization/invite,Invite Modal (#modal-invite-user),Organization Scoped,ALLOW,USER_LIMIT,ACTIVE
USERS,Invite Team Member,Send Invitation Email / Seat Allocation,CUSTOMER_MANAGER,users.invite,/app/settings,POST /api/saas/organization/invite,Invite Modal (#modal-invite-user),Organization Scoped,ALLOW,USER_LIMIT,ACTIVE
USERS,Invite Team Member,Send Invitation Email / Seat Allocation,CUSTOMER_STAFF,users.invite,/app/settings,POST /api/saas/organization/invite,Invite Modal (#modal-invite-user),Organization Scoped,DENY,USER_LIMIT,ACTIVE
USERS,Change Member Role,Promote or Demote User Role (OWNER/MANAGER/STAFF),SYSTEM_OWNER,users.update_role,/app/settings,PUT /api/saas/organization/members/{id}/role,Change Role Modal (#modal-change-role),Organization Scoped,ALLOW,None,ACTIVE
USERS,Change Member Role,Promote or Demote User Role (OWNER/MANAGER/STAFF),SUPER_ADMIN,users.update_role,/app/settings,PUT /api/saas/organization/members/{id}/role,Change Role Modal (#modal-change-role),Organization Scoped,ALLOW,None,ACTIVE
USERS,Change Member Role,Promote or Demote User Role (OWNER/MANAGER/STAFF),ADMIN,users.update_role,/app/settings,PUT /api/saas/organization/members/{id}/role,Change Role Modal (#modal-change-role),Organization Scoped,ALLOW,None,ACTIVE
USERS,Change Member Role,Promote or Demote User Role (OWNER/MANAGER/STAFF),STAFF,users.update_role,/app/settings,PUT /api/saas/organization/members/{id}/role,Change Role Modal (#modal-change-role),Organization Scoped,DENY,None,ACTIVE
USERS,Change Member Role,Promote or Demote User Role (OWNER/MANAGER/STAFF),CUSTOMER_OWNER,users.update_role,/app/settings,PUT /api/saas/organization/members/{id}/role,Change Role Modal (#modal-change-role),Organization Scoped,ALLOW,None,ACTIVE
USERS,Change Member Role,Promote or Demote User Role (OWNER/MANAGER/STAFF),CUSTOMER_MANAGER,users.update_role,/app/settings,PUT /api/saas/organization/members/{id}/role,Change Role Modal (#modal-change-role),Organization Scoped,DENY,None,ACTIVE
USERS,Change Member Role,Promote or Demote User Role (OWNER/MANAGER/STAFF),CUSTOMER_STAFF,users.update_role,/app/settings,PUT /api/saas/organization/members/{id}/role,Change Role Modal (#modal-change-role),Organization Scoped,DENY,None,ACTIVE
USERS,Suspend Member,Temporarily Freeze User Login Access,SYSTEM_OWNER,users.suspend,/app/settings,PUT /api/saas/organization/members/{id}/status,Member Status Toggle,Organization Scoped,ALLOW,None,ACTIVE
USERS,Suspend Member,Temporarily Freeze User Login Access,SUPER_ADMIN,users.suspend,/app/settings,PUT /api/saas/organization/members/{id}/status,Member Status Toggle,Organization Scoped,ALLOW,None,ACTIVE
USERS,Suspend Member,Temporarily Freeze User Login Access,ADMIN,users.suspend,/app/settings,PUT /api/saas/organization/members/{id}/status,Member Status Toggle,Organization Scoped,ALLOW,None,ACTIVE
USERS,Suspend Member,Temporarily Freeze User Login Access,STAFF,users.suspend,/app/settings,PUT /api/saas/organization/members/{id}/status,Member Status Toggle,Organization Scoped,DENY,None,ACTIVE
USERS,Suspend Member,Temporarily Freeze User Login Access,CUSTOMER_OWNER,users.suspend,/app/settings,PUT /api/saas/organization/members/{id}/status,Member Status Toggle,Organization Scoped,ALLOW,None,ACTIVE
USERS,Suspend Member,Temporarily Freeze User Login Access,CUSTOMER_MANAGER,users.suspend,/app/settings,PUT /api/saas/organization/members/{id}/status,Member Status Toggle,Organization Scoped,DENY,None,ACTIVE
USERS,Suspend Member,Temporarily Freeze User Login Access,CUSTOMER_STAFF,users.suspend,/app/settings,PUT /api/saas/organization/members/{id}/status,Member Status Toggle,Organization Scoped,DENY,None,ACTIVE
USERS,Remove Member,Eject User & Reclaim Organization Seat,SYSTEM_OWNER,users.remove,/app/settings,DELETE /api/saas/organization/members/{id},Remove Member Button,Organization Scoped,ALLOW,None,ACTIVE
USERS,Remove Member,Eject User & Reclaim Organization Seat,SUPER_ADMIN,users.remove,/app/settings,DELETE /api/saas/organization/members/{id},Remove Member Button,Organization Scoped,ALLOW,None,ACTIVE
USERS,Remove Member,Eject User & Reclaim Organization Seat,ADMIN,users.remove,/app/settings,DELETE /api/saas/organization/members/{id},Remove Member Button,Organization Scoped,ALLOW,None,ACTIVE
USERS,Remove Member,Eject User & Reclaim Organization Seat,STAFF,users.remove,/app/settings,DELETE /api/saas/organization/members/{id},Remove Member Button,Organization Scoped,DENY,None,ACTIVE
USERS,Remove Member,Eject User & Reclaim Organization Seat,CUSTOMER_OWNER,users.remove,/app/settings,DELETE /api/saas/organization/members/{id},Remove Member Button,Organization Scoped,ALLOW,None,ACTIVE
USERS,Remove Member,Eject User & Reclaim Organization Seat,CUSTOMER_MANAGER,users.remove,/app/settings,DELETE /api/saas/organization/members/{id},Remove Member Button,Organization Scoped,DENY,None,ACTIVE
USERS,Remove Member,Eject User & Reclaim Organization Seat,CUSTOMER_STAFF,users.remove,/app/settings,DELETE /api/saas/organization/members/{id},Remove Member Button,Organization Scoped,DENY,None,ACTIVE
AUDIT,View Organization Audit Log,Track Team Member Activity & Logins,SYSTEM_OWNER,audit.view,/app/settings,GET /api/saas/organization/audit,Team Audit Trail Tab,Organization Scoped,ALLOW,None,ACTIVE
AUDIT,View Organization Audit Log,Track Team Member Activity & Logins,SUPER_ADMIN,audit.view,/app/settings,GET /api/saas/organization/audit,Team Audit Trail Tab,Organization Scoped,ALLOW,None,ACTIVE
AUDIT,View Organization Audit Log,Track Team Member Activity & Logins,ADMIN,audit.view,/app/settings,GET /api/saas/organization/audit,Team Audit Trail Tab,Organization Scoped,ALLOW,None,ACTIVE
AUDIT,View Organization Audit Log,Track Team Member Activity & Logins,STAFF,audit.view,/app/settings,GET /api/saas/organization/audit,Team Audit Trail Tab,Organization Scoped,DENY,None,ACTIVE
AUDIT,View Organization Audit Log,Track Team Member Activity & Logins,CUSTOMER_OWNER,audit.view,/app/settings,GET /api/saas/organization/audit,Team Audit Trail Tab,Organization Scoped,ALLOW,None,ACTIVE
AUDIT,View Organization Audit Log,Track Team Member Activity & Logins,CUSTOMER_MANAGER,audit.view,/app/settings,GET /api/saas/organization/audit,Team Audit Trail Tab,Organization Scoped,DENY,None,ACTIVE
AUDIT,View Organization Audit Log,Track Team Member Activity & Logins,CUSTOMER_STAFF,audit.view,/app/settings,GET /api/saas/organization/audit,Team Audit Trail Tab,Organization Scoped,DENY,None,ACTIVE
BILLING,View Subscription Plan,"Inspect Active Plan, Quota & Renewal Date",SYSTEM_OWNER,subscription.view,/app/subscription,GET /api/saas/subscription,Subscription View (#subscription-view),Organization Scoped,ALLOW,None,ACTIVE
BILLING,View Subscription Plan,"Inspect Active Plan, Quota & Renewal Date",SUPER_ADMIN,subscription.view,/app/subscription,GET /api/saas/subscription,Subscription View (#subscription-view),Organization Scoped,ALLOW,None,ACTIVE
BILLING,View Subscription Plan,"Inspect Active Plan, Quota & Renewal Date",ADMIN,subscription.view,/app/subscription,GET /api/saas/subscription,Subscription View (#subscription-view),Organization Scoped,ALLOW,None,ACTIVE
BILLING,View Subscription Plan,"Inspect Active Plan, Quota & Renewal Date",STAFF,subscription.view,/app/subscription,GET /api/saas/subscription,Subscription View (#subscription-view),Organization Scoped,DENY,None,ACTIVE
BILLING,View Subscription Plan,"Inspect Active Plan, Quota & Renewal Date",CUSTOMER_OWNER,subscription.view,/app/subscription,GET /api/saas/subscription,Subscription View (#subscription-view),Organization Scoped,ALLOW,None,ACTIVE
BILLING,View Subscription Plan,"Inspect Active Plan, Quota & Renewal Date",CUSTOMER_MANAGER,subscription.view,/app/subscription,GET /api/saas/subscription,Subscription View (#subscription-view),Organization Scoped,ALLOW,None,ACTIVE
BILLING,View Subscription Plan,"Inspect Active Plan, Quota & Renewal Date",CUSTOMER_STAFF,subscription.view,/app/subscription,GET /api/saas/subscription,Subscription View (#subscription-view),Organization Scoped,DENY,None,ACTIVE
BILLING,Plan Upgrade,Upgrade Plan Tier & Purchase Add-on Packs,SYSTEM_OWNER,subscription.manage,/app/subscription,POST /api/saas/subscription/upgrade,Upgrade Modal (#modal-upgrade-plan),Organization Scoped,ALLOW,None,ACTIVE
BILLING,Plan Upgrade,Upgrade Plan Tier & Purchase Add-on Packs,SUPER_ADMIN,subscription.manage,/app/subscription,POST /api/saas/subscription/upgrade,Upgrade Modal (#modal-upgrade-plan),Organization Scoped,ALLOW,None,ACTIVE
BILLING,Plan Upgrade,Upgrade Plan Tier & Purchase Add-on Packs,ADMIN,subscription.manage,/app/subscription,POST /api/saas/subscription/upgrade,Upgrade Modal (#modal-upgrade-plan),Organization Scoped,ALLOW,None,ACTIVE
BILLING,Plan Upgrade,Upgrade Plan Tier & Purchase Add-on Packs,STAFF,subscription.manage,/app/subscription,POST /api/saas/subscription/upgrade,Upgrade Modal (#modal-upgrade-plan),Organization Scoped,DENY,None,ACTIVE
BILLING,Plan Upgrade,Upgrade Plan Tier & Purchase Add-on Packs,CUSTOMER_OWNER,subscription.manage,/app/subscription,POST /api/saas/subscription/upgrade,Upgrade Modal (#modal-upgrade-plan),Organization Scoped,ALLOW,None,ACTIVE
BILLING,Plan Upgrade,Upgrade Plan Tier & Purchase Add-on Packs,CUSTOMER_MANAGER,subscription.manage,/app/subscription,POST /api/saas/subscription/upgrade,Upgrade Modal (#modal-upgrade-plan),Organization Scoped,DENY,None,ACTIVE
BILLING,Plan Upgrade,Upgrade Plan Tier & Purchase Add-on Packs,CUSTOMER_STAFF,subscription.manage,/app/subscription,POST /api/saas/subscription/upgrade,Upgrade Modal (#modal-upgrade-plan),Organization Scoped,DENY,None,ACTIVE
BILLING,Plan Downgrade,Schedule Downgrade at End of Billing Period,SYSTEM_OWNER,subscription.manage,/app/subscription,POST /api/saas/subscription/downgrade,Downgrade Selector,Organization Scoped,ALLOW,None,ACTIVE
BILLING,Plan Downgrade,Schedule Downgrade at End of Billing Period,SUPER_ADMIN,subscription.manage,/app/subscription,POST /api/saas/subscription/downgrade,Downgrade Selector,Organization Scoped,ALLOW,None,ACTIVE
BILLING,Plan Downgrade,Schedule Downgrade at End of Billing Period,ADMIN,subscription.manage,/app/subscription,POST /api/saas/subscription/downgrade,Downgrade Selector,Organization Scoped,ALLOW,None,ACTIVE
BILLING,Plan Downgrade,Schedule Downgrade at End of Billing Period,STAFF,subscription.manage,/app/subscription,POST /api/saas/subscription/downgrade,Downgrade Selector,Organization Scoped,DENY,None,ACTIVE
BILLING,Plan Downgrade,Schedule Downgrade at End of Billing Period,CUSTOMER_OWNER,subscription.manage,/app/subscription,POST /api/saas/subscription/downgrade,Downgrade Selector,Organization Scoped,ALLOW,None,ACTIVE
BILLING,Plan Downgrade,Schedule Downgrade at End of Billing Period,CUSTOMER_MANAGER,subscription.manage,/app/subscription,POST /api/saas/subscription/downgrade,Downgrade Selector,Organization Scoped,DENY,None,ACTIVE
BILLING,Plan Downgrade,Schedule Downgrade at End of Billing Period,CUSTOMER_STAFF,subscription.manage,/app/subscription,POST /api/saas/subscription/downgrade,Downgrade Selector,Organization Scoped,DENY,None,ACTIVE
BILLING,Cancel Subscription,Cancel Auto-Renewal with Retention Flow,SYSTEM_OWNER,subscription.manage,/app/subscription,POST /api/saas/subscription/cancel,Cancel Modal (#modal-cancel-sub),Organization Scoped,ALLOW,None,ACTIVE
BILLING,Cancel Subscription,Cancel Auto-Renewal with Retention Flow,SUPER_ADMIN,subscription.manage,/app/subscription,POST /api/saas/subscription/cancel,Cancel Modal (#modal-cancel-sub),Organization Scoped,ALLOW,None,ACTIVE
BILLING,Cancel Subscription,Cancel Auto-Renewal with Retention Flow,ADMIN,subscription.manage,/app/subscription,POST /api/saas/subscription/cancel,Cancel Modal (#modal-cancel-sub),Organization Scoped,ALLOW,None,ACTIVE
BILLING,Cancel Subscription,Cancel Auto-Renewal with Retention Flow,STAFF,subscription.manage,/app/subscription,POST /api/saas/subscription/cancel,Cancel Modal (#modal-cancel-sub),Organization Scoped,DENY,None,ACTIVE
BILLING,Cancel Subscription,Cancel Auto-Renewal with Retention Flow,CUSTOMER_OWNER,subscription.manage,/app/subscription,POST /api/saas/subscription/cancel,Cancel Modal (#modal-cancel-sub),Organization Scoped,ALLOW,None,ACTIVE
BILLING,Cancel Subscription,Cancel Auto-Renewal with Retention Flow,CUSTOMER_MANAGER,subscription.manage,/app/subscription,POST /api/saas/subscription/cancel,Cancel Modal (#modal-cancel-sub),Organization Scoped,DENY,None,ACTIVE
BILLING,Cancel Subscription,Cancel Auto-Renewal with Retention Flow,CUSTOMER_STAFF,subscription.manage,/app/subscription,POST /api/saas/subscription/cancel,Cancel Modal (#modal-cancel-sub),Organization Scoped,DENY,None,ACTIVE
BILLING,Calculate Billing & Tax,7% Thai VAT & Discount Calculation,SYSTEM_OWNER,subscription.view,/app/subscription,POST /api/saas/billing/calculate,Pricing Calculator Component,Public / Org,ALLOW,None,None
BILLING,Calculate Billing & Tax,7% Thai VAT & Discount Calculation,SUPER_ADMIN,subscription.view,/app/subscription,POST /api/saas/billing/calculate,Pricing Calculator Component,Public / Org,ALLOW,None,None
BILLING,Calculate Billing & Tax,7% Thai VAT & Discount Calculation,ADMIN,subscription.view,/app/subscription,POST /api/saas/billing/calculate,Pricing Calculator Component,Public / Org,ALLOW,None,None
BILLING,Calculate Billing & Tax,7% Thai VAT & Discount Calculation,STAFF,subscription.view,/app/subscription,POST /api/saas/billing/calculate,Pricing Calculator Component,Public / Org,DENY,None,None
BILLING,Calculate Billing & Tax,7% Thai VAT & Discount Calculation,CUSTOMER_OWNER,subscription.view,/app/subscription,POST /api/saas/billing/calculate,Pricing Calculator Component,Public / Org,ALLOW,None,None
BILLING,Calculate Billing & Tax,7% Thai VAT & Discount Calculation,CUSTOMER_MANAGER,subscription.view,/app/subscription,POST /api/saas/billing/calculate,Pricing Calculator Component,Public / Org,ALLOW,None,None
BILLING,Calculate Billing & Tax,7% Thai VAT & Discount Calculation,CUSTOMER_STAFF,subscription.view,/app/subscription,POST /api/saas/billing/calculate,Pricing Calculator Component,Public / Org,DENY,None,None
BILLING,Validate Coupon,Check Discount Code & Apply Promotion,SYSTEM_OWNER,subscription.view,/app/subscription,POST /api/saas/coupons/validate,Coupon Code Input,Public / Org,ALLOW,None,None
BILLING,Validate Coupon,Check Discount Code & Apply Promotion,SUPER_ADMIN,subscription.view,/app/subscription,POST /api/saas/coupons/validate,Coupon Code Input,Public / Org,ALLOW,None,None
BILLING,Validate Coupon,Check Discount Code & Apply Promotion,ADMIN,subscription.view,/app/subscription,POST /api/saas/coupons/validate,Coupon Code Input,Public / Org,ALLOW,None,None
BILLING,Validate Coupon,Check Discount Code & Apply Promotion,STAFF,subscription.view,/app/subscription,POST /api/saas/coupons/validate,Coupon Code Input,Public / Org,DENY,None,None
BILLING,Validate Coupon,Check Discount Code & Apply Promotion,CUSTOMER_OWNER,subscription.view,/app/subscription,POST /api/saas/coupons/validate,Coupon Code Input,Public / Org,ALLOW,None,None
BILLING,Validate Coupon,Check Discount Code & Apply Promotion,CUSTOMER_MANAGER,subscription.view,/app/subscription,POST /api/saas/coupons/validate,Coupon Code Input,Public / Org,ALLOW,None,None
BILLING,Validate Coupon,Check Discount Code & Apply Promotion,CUSTOMER_STAFF,subscription.view,/app/subscription,POST /api/saas/coupons/validate,Coupon Code Input,Public / Org,DENY,None,None
BILLING,View Invoices & Receipts,List Historical Invoices & Thai Tax Receipts,SYSTEM_OWNER,subscription.view,/app/invoices,GET /api/saas/invoices,Invoices View (#invoices-view),Organization Scoped,ALLOW,None,ACTIVE
BILLING,View Invoices & Receipts,List Historical Invoices & Thai Tax Receipts,SUPER_ADMIN,subscription.view,/app/invoices,GET /api/saas/invoices,Invoices View (#invoices-view),Organization Scoped,ALLOW,None,ACTIVE
BILLING,View Invoices & Receipts,List Historical Invoices & Thai Tax Receipts,ADMIN,subscription.view,/app/invoices,GET /api/saas/invoices,Invoices View (#invoices-view),Organization Scoped,ALLOW,None,ACTIVE
BILLING,View Invoices & Receipts,List Historical Invoices & Thai Tax Receipts,STAFF,subscription.view,/app/invoices,GET /api/saas/invoices,Invoices View (#invoices-view),Organization Scoped,DENY,None,ACTIVE
BILLING,View Invoices & Receipts,List Historical Invoices & Thai Tax Receipts,CUSTOMER_OWNER,subscription.view,/app/invoices,GET /api/saas/invoices,Invoices View (#invoices-view),Organization Scoped,ALLOW,None,ACTIVE
BILLING,View Invoices & Receipts,List Historical Invoices & Thai Tax Receipts,CUSTOMER_MANAGER,subscription.view,/app/invoices,GET /api/saas/invoices,Invoices View (#invoices-view),Organization Scoped,ALLOW,None,ACTIVE
BILLING,View Invoices & Receipts,List Historical Invoices & Thai Tax Receipts,CUSTOMER_STAFF,subscription.view,/app/invoices,GET /api/saas/invoices,Invoices View (#invoices-view),Organization Scoped,DENY,None,ACTIVE
BILLING,Print Thai Tax Invoice,Render Official Tax Invoice / Receipt (7% VAT),SYSTEM_OWNER,subscription.view,/app/invoices,GET /api/saas/invoices/{id},Tax Invoice Modal (#modal-invoice-receipt),Organization Scoped,ALLOW,None,ACTIVE
BILLING,Print Thai Tax Invoice,Render Official Tax Invoice / Receipt (7% VAT),SUPER_ADMIN,subscription.view,/app/invoices,GET /api/saas/invoices/{id},Tax Invoice Modal (#modal-invoice-receipt),Organization Scoped,ALLOW,None,ACTIVE
BILLING,Print Thai Tax Invoice,Render Official Tax Invoice / Receipt (7% VAT),ADMIN,subscription.view,/app/invoices,GET /api/saas/invoices/{id},Tax Invoice Modal (#modal-invoice-receipt),Organization Scoped,ALLOW,None,ACTIVE
BILLING,Print Thai Tax Invoice,Render Official Tax Invoice / Receipt (7% VAT),STAFF,subscription.view,/app/invoices,GET /api/saas/invoices/{id},Tax Invoice Modal (#modal-invoice-receipt),Organization Scoped,DENY,None,ACTIVE
BILLING,Print Thai Tax Invoice,Render Official Tax Invoice / Receipt (7% VAT),CUSTOMER_OWNER,subscription.view,/app/invoices,GET /api/saas/invoices/{id},Tax Invoice Modal (#modal-invoice-receipt),Organization Scoped,ALLOW,None,ACTIVE
BILLING,Print Thai Tax Invoice,Render Official Tax Invoice / Receipt (7% VAT),CUSTOMER_MANAGER,subscription.view,/app/invoices,GET /api/saas/invoices/{id},Tax Invoice Modal (#modal-invoice-receipt),Organization Scoped,ALLOW,None,ACTIVE
BILLING,Print Thai Tax Invoice,Render Official Tax Invoice / Receipt (7% VAT),CUSTOMER_STAFF,subscription.view,/app/invoices,GET /api/saas/invoices/{id},Tax Invoice Modal (#modal-invoice-receipt),Organization Scoped,DENY,None,ACTIVE
BILLING,View Usage Analytics,Monitor Monthly Search & Credit Consumption,SYSTEM_OWNER,usage.view,/app/usage,GET /api/saas/usage,Usage View (#usage-view),Organization Scoped,ALLOW,None,ACTIVE
BILLING,View Usage Analytics,Monitor Monthly Search & Credit Consumption,SUPER_ADMIN,usage.view,/app/usage,GET /api/saas/usage,Usage View (#usage-view),Organization Scoped,ALLOW,None,ACTIVE
BILLING,View Usage Analytics,Monitor Monthly Search & Credit Consumption,ADMIN,usage.view,/app/usage,GET /api/saas/usage,Usage View (#usage-view),Organization Scoped,ALLOW,None,ACTIVE
BILLING,View Usage Analytics,Monitor Monthly Search & Credit Consumption,STAFF,usage.view,/app/usage,GET /api/saas/usage,Usage View (#usage-view),Organization Scoped,DENY,None,ACTIVE
BILLING,View Usage Analytics,Monitor Monthly Search & Credit Consumption,CUSTOMER_OWNER,usage.view,/app/usage,GET /api/saas/usage,Usage View (#usage-view),Organization Scoped,ALLOW,None,ACTIVE
BILLING,View Usage Analytics,Monitor Monthly Search & Credit Consumption,CUSTOMER_MANAGER,usage.view,/app/usage,GET /api/saas/usage,Usage View (#usage-view),Organization Scoped,ALLOW,None,ACTIVE
BILLING,View Usage Analytics,Monitor Monthly Search & Credit Consumption,CUSTOMER_STAFF,usage.view,/app/usage,GET /api/saas/usage,Usage View (#usage-view),Organization Scoped,ALLOW,None,ACTIVE
API,View API Keys,List Organization Developer API Credentials,SYSTEM_OWNER,api.view,/app/api,GET /api/saas/api-keys,API View (#api-view),Organization Scoped,ALLOW,API_ACCESS (BIZ+),ACTIVE
API,View API Keys,List Organization Developer API Credentials,SUPER_ADMIN,api.view,/app/api,GET /api/saas/api-keys,API View (#api-view),Organization Scoped,ALLOW,API_ACCESS (BIZ+),ACTIVE
API,View API Keys,List Organization Developer API Credentials,ADMIN,api.view,/app/api,GET /api/saas/api-keys,API View (#api-view),Organization Scoped,ALLOW,API_ACCESS (BIZ+),ACTIVE
API,View API Keys,List Organization Developer API Credentials,STAFF,api.view,/app/api,GET /api/saas/api-keys,API View (#api-view),Organization Scoped,DENY,API_ACCESS (BIZ+),ACTIVE
API,View API Keys,List Organization Developer API Credentials,CUSTOMER_OWNER,api.view,/app/api,GET /api/saas/api-keys,API View (#api-view),Organization Scoped,ALLOW,API_ACCESS (BIZ+),ACTIVE
API,View API Keys,List Organization Developer API Credentials,CUSTOMER_MANAGER,api.view,/app/api,GET /api/saas/api-keys,API View (#api-view),Organization Scoped,DENY,API_ACCESS (BIZ+),ACTIVE
API,View API Keys,List Organization Developer API Credentials,CUSTOMER_STAFF,api.view,/app/api,GET /api/saas/api-keys,API View (#api-view),Organization Scoped,DENY,API_ACCESS (BIZ+),ACTIVE
API,Generate API Key,Create Scoped API Secret Key,SYSTEM_OWNER,api.manage,/app/api,POST /api/saas/api-keys,Generate Key Button,Organization Scoped,ALLOW,API_ACCESS (BIZ+),ACTIVE
API,Generate API Key,Create Scoped API Secret Key,SUPER_ADMIN,api.manage,/app/api,POST /api/saas/api-keys,Generate Key Button,Organization Scoped,ALLOW,API_ACCESS (BIZ+),ACTIVE
API,Generate API Key,Create Scoped API Secret Key,ADMIN,api.manage,/app/api,POST /api/saas/api-keys,Generate Key Button,Organization Scoped,ALLOW,API_ACCESS (BIZ+),ACTIVE
API,Generate API Key,Create Scoped API Secret Key,STAFF,api.manage,/app/api,POST /api/saas/api-keys,Generate Key Button,Organization Scoped,DENY,API_ACCESS (BIZ+),ACTIVE
API,Generate API Key,Create Scoped API Secret Key,CUSTOMER_OWNER,api.manage,/app/api,POST /api/saas/api-keys,Generate Key Button,Organization Scoped,ALLOW,API_ACCESS (BIZ+),ACTIVE
API,Generate API Key,Create Scoped API Secret Key,CUSTOMER_MANAGER,api.manage,/app/api,POST /api/saas/api-keys,Generate Key Button,Organization Scoped,DENY,API_ACCESS (BIZ+),ACTIVE
API,Generate API Key,Create Scoped API Secret Key,CUSTOMER_STAFF,api.manage,/app/api,POST /api/saas/api-keys,Generate Key Button,Organization Scoped,DENY,API_ACCESS (BIZ+),ACTIVE
API,Revoke API Key,Immediately Deactivate API Key,SYSTEM_OWNER,api.manage,/app/api,DELETE /api/saas/api-keys/{id},Revoke Key Button,Organization Scoped,ALLOW,API_ACCESS (BIZ+),ACTIVE
API,Revoke API Key,Immediately Deactivate API Key,SUPER_ADMIN,api.manage,/app/api,DELETE /api/saas/api-keys/{id},Revoke Key Button,Organization Scoped,ALLOW,API_ACCESS (BIZ+),ACTIVE
API,Revoke API Key,Immediately Deactivate API Key,ADMIN,api.manage,/app/api,DELETE /api/saas/api-keys/{id},Revoke Key Button,Organization Scoped,ALLOW,API_ACCESS (BIZ+),ACTIVE
API,Revoke API Key,Immediately Deactivate API Key,STAFF,api.manage,/app/api,DELETE /api/saas/api-keys/{id},Revoke Key Button,Organization Scoped,DENY,API_ACCESS (BIZ+),ACTIVE
API,Revoke API Key,Immediately Deactivate API Key,CUSTOMER_OWNER,api.manage,/app/api,DELETE /api/saas/api-keys/{id},Revoke Key Button,Organization Scoped,ALLOW,API_ACCESS (BIZ+),ACTIVE
API,Revoke API Key,Immediately Deactivate API Key,CUSTOMER_MANAGER,api.manage,/app/api,DELETE /api/saas/api-keys/{id},Revoke Key Button,Organization Scoped,DENY,API_ACCESS (BIZ+),ACTIVE
API,Revoke API Key,Immediately Deactivate API Key,CUSTOMER_STAFF,api.manage,/app/api,DELETE /api/saas/api-keys/{id},Revoke Key Button,Organization Scoped,DENY,API_ACCESS (BIZ+),ACTIVE
AI,AI Neural Parts Search,Multi-Modal AI Query & Image OCR Part Matching,SYSTEM_OWNER,parts.search,/app/search,POST /api/parts/ai-search,AI Search Bar & OCR Upload,Organization Scoped,ALLOW,AI_SEARCH (PRO+),ACTIVE
AI,AI Neural Parts Search,Multi-Modal AI Query & Image OCR Part Matching,SUPER_ADMIN,parts.search,/app/search,POST /api/parts/ai-search,AI Search Bar & OCR Upload,Organization Scoped,ALLOW,AI_SEARCH (PRO+),ACTIVE
AI,AI Neural Parts Search,Multi-Modal AI Query & Image OCR Part Matching,ADMIN,parts.search,/app/search,POST /api/parts/ai-search,AI Search Bar & OCR Upload,Organization Scoped,ALLOW,AI_SEARCH (PRO+),ACTIVE
AI,AI Neural Parts Search,Multi-Modal AI Query & Image OCR Part Matching,STAFF,parts.search,/app/search,POST /api/parts/ai-search,AI Search Bar & OCR Upload,Organization Scoped,ALLOW,AI_SEARCH (PRO+),ACTIVE
AI,AI Neural Parts Search,Multi-Modal AI Query & Image OCR Part Matching,CUSTOMER_OWNER,parts.search,/app/search,POST /api/parts/ai-search,AI Search Bar & OCR Upload,Organization Scoped,ALLOW,AI_SEARCH (PRO+),ACTIVE
AI,AI Neural Parts Search,Multi-Modal AI Query & Image OCR Part Matching,CUSTOMER_MANAGER,parts.search,/app/search,POST /api/parts/ai-search,AI Search Bar & OCR Upload,Organization Scoped,ALLOW,AI_SEARCH (PRO+),ACTIVE
AI,AI Neural Parts Search,Multi-Modal AI Query & Image OCR Part Matching,CUSTOMER_STAFF,parts.search,/app/search,POST /api/parts/ai-search,AI Search Bar & OCR Upload,Organization Scoped,ALLOW,AI_SEARCH (PRO+),ACTIVE
AI,AI Models & Keys Config,SuperAdmin Multi-Provider Key Pool Management,SYSTEM_OWNER,ai.config.manage,/super-admin,POST /api/superadmin/ai-keys,SuperAdmin AI Tab,Platform Global,DENY,None,None
AI,AI Models & Keys Config,SuperAdmin Multi-Provider Key Pool Management,SUPER_ADMIN,ai.config.manage,/super-admin,POST /api/superadmin/ai-keys,SuperAdmin AI Tab,Platform Global,ALLOW,None,None
AI,AI Models & Keys Config,SuperAdmin Multi-Provider Key Pool Management,ADMIN,ai.config.manage,/super-admin,POST /api/superadmin/ai-keys,SuperAdmin AI Tab,Platform Global,DENY,None,None
AI,AI Models & Keys Config,SuperAdmin Multi-Provider Key Pool Management,STAFF,ai.config.manage,/super-admin,POST /api/superadmin/ai-keys,SuperAdmin AI Tab,Platform Global,DENY,None,None
AI,AI Models & Keys Config,SuperAdmin Multi-Provider Key Pool Management,CUSTOMER_OWNER,ai.config.manage,/super-admin,POST /api/superadmin/ai-keys,SuperAdmin AI Tab,Platform Global,DENY,None,None
AI,AI Models & Keys Config,SuperAdmin Multi-Provider Key Pool Management,CUSTOMER_MANAGER,ai.config.manage,/super-admin,POST /api/superadmin/ai-keys,SuperAdmin AI Tab,Platform Global,DENY,None,None
AI,AI Models & Keys Config,SuperAdmin Multi-Provider Key Pool Management,CUSTOMER_STAFF,ai.config.manage,/super-admin,POST /api/superadmin/ai-keys,SuperAdmin AI Tab,Platform Global,DENY,None,None
AI,AI Usage Telemetry,Track AI Tokens & Model Latency Stats,SYSTEM_OWNER,ai.config.manage,/super-admin,GET /api/superadmin/ai-usage,AI Usage Graph,Platform Global,DENY,None,None
AI,AI Usage Telemetry,Track AI Tokens & Model Latency Stats,SUPER_ADMIN,ai.config.manage,/super-admin,GET /api/superadmin/ai-usage,AI Usage Graph,Platform Global,ALLOW,None,None
AI,AI Usage Telemetry,Track AI Tokens & Model Latency Stats,ADMIN,ai.config.manage,/super-admin,GET /api/superadmin/ai-usage,AI Usage Graph,Platform Global,DENY,None,None
AI,AI Usage Telemetry,Track AI Tokens & Model Latency Stats,STAFF,ai.config.manage,/super-admin,GET /api/superadmin/ai-usage,AI Usage Graph,Platform Global,DENY,None,None
AI,AI Usage Telemetry,Track AI Tokens & Model Latency Stats,CUSTOMER_OWNER,ai.config.manage,/super-admin,GET /api/superadmin/ai-usage,AI Usage Graph,Platform Global,DENY,None,None
AI,AI Usage Telemetry,Track AI Tokens & Model Latency Stats,CUSTOMER_MANAGER,ai.config.manage,/super-admin,GET /api/superadmin/ai-usage,AI Usage Graph,Platform Global,DENY,None,None
AI,AI Usage Telemetry,Track AI Tokens & Model Latency Stats,CUSTOMER_STAFF,ai.config.manage,/super-admin,GET /api/superadmin/ai-usage,AI Usage Graph,Platform Global,DENY,None,None
AI,Agent Skills Toggle,Enable/Disable Semantic AI Cross-Ref Reasoning,SYSTEM_OWNER,ai.config.manage,/super-admin,POST /api/admin/agent-skills/{key}/toggle,Agent Skills Grid,Platform Global,DENY,None,None
AI,Agent Skills Toggle,Enable/Disable Semantic AI Cross-Ref Reasoning,SUPER_ADMIN,ai.config.manage,/super-admin,POST /api/admin/agent-skills/{key}/toggle,Agent Skills Grid,Platform Global,ALLOW,None,None
AI,Agent Skills Toggle,Enable/Disable Semantic AI Cross-Ref Reasoning,ADMIN,ai.config.manage,/super-admin,POST /api/admin/agent-skills/{key}/toggle,Agent Skills Grid,Platform Global,DENY,None,None
AI,Agent Skills Toggle,Enable/Disable Semantic AI Cross-Ref Reasoning,STAFF,ai.config.manage,/super-admin,POST /api/admin/agent-skills/{key}/toggle,Agent Skills Grid,Platform Global,DENY,None,None
AI,Agent Skills Toggle,Enable/Disable Semantic AI Cross-Ref Reasoning,CUSTOMER_OWNER,ai.config.manage,/super-admin,POST /api/admin/agent-skills/{key}/toggle,Agent Skills Grid,Platform Global,DENY,None,None
AI,Agent Skills Toggle,Enable/Disable Semantic AI Cross-Ref Reasoning,CUSTOMER_MANAGER,ai.config.manage,/super-admin,POST /api/admin/agent-skills/{key}/toggle,Agent Skills Grid,Platform Global,DENY,None,None
AI,Agent Skills Toggle,Enable/Disable Semantic AI Cross-Ref Reasoning,CUSTOMER_STAFF,ai.config.manage,/super-admin,POST /api/admin/agent-skills/{key}/toggle,Agent Skills Grid,Platform Global,DENY,None,None
CATALOG,Master Parts Management,"Edit, Update & Curate Master Catalog",SYSTEM_OWNER,master_parts.manage,/super-admin,GET /api/admin/all-parts,Master Parts Table,Platform Global,DENY,None,None
CATALOG,Master Parts Management,"Edit, Update & Curate Master Catalog",SUPER_ADMIN,master_parts.manage,/super-admin,GET /api/admin/all-parts,Master Parts Table,Platform Global,ALLOW,None,None
CATALOG,Master Parts Management,"Edit, Update & Curate Master Catalog",ADMIN,master_parts.manage,/super-admin,GET /api/admin/all-parts,Master Parts Table,Platform Global,DENY,None,None
CATALOG,Master Parts Management,"Edit, Update & Curate Master Catalog",STAFF,master_parts.manage,/super-admin,GET /api/admin/all-parts,Master Parts Table,Platform Global,DENY,None,None
CATALOG,Master Parts Management,"Edit, Update & Curate Master Catalog",CUSTOMER_OWNER,master_parts.manage,/super-admin,GET /api/admin/all-parts,Master Parts Table,Platform Global,DENY,None,None
CATALOG,Master Parts Management,"Edit, Update & Curate Master Catalog",CUSTOMER_MANAGER,master_parts.manage,/super-admin,GET /api/admin/all-parts,Master Parts Table,Platform Global,DENY,None,None
CATALOG,Master Parts Management,"Edit, Update & Curate Master Catalog",CUSTOMER_STAFF,master_parts.manage,/super-admin,GET /api/admin/all-parts,Master Parts Table,Platform Global,DENY,None,None
CATALOG,Scraped Parts Queue Review,"Approve, Edit, Reject Raw Ingested Data",SYSTEM_OWNER,temp_parts.review,/admin,GET /api/admin/temp-parts,Admin Queue View (#admin-queue-view),Platform Global,DENY,None,None
CATALOG,Scraped Parts Queue Review,"Approve, Edit, Reject Raw Ingested Data",SUPER_ADMIN,temp_parts.review,/admin,GET /api/admin/temp-parts,Admin Queue View (#admin-queue-view),Platform Global,ALLOW,None,None
CATALOG,Scraped Parts Queue Review,"Approve, Edit, Reject Raw Ingested Data",ADMIN,temp_parts.review,/admin,GET /api/admin/temp-parts,Admin Queue View (#admin-queue-view),Platform Global,ALLOW,None,None
CATALOG,Scraped Parts Queue Review,"Approve, Edit, Reject Raw Ingested Data",STAFF,temp_parts.review,/admin,GET /api/admin/temp-parts,Admin Queue View (#admin-queue-view),Platform Global,DENY,None,None
CATALOG,Scraped Parts Queue Review,"Approve, Edit, Reject Raw Ingested Data",CUSTOMER_OWNER,temp_parts.review,/admin,GET /api/admin/temp-parts,Admin Queue View (#admin-queue-view),Platform Global,DENY,None,None
CATALOG,Scraped Parts Queue Review,"Approve, Edit, Reject Raw Ingested Data",CUSTOMER_MANAGER,temp_parts.review,/admin,GET /api/admin/temp-parts,Admin Queue View (#admin-queue-view),Platform Global,DENY,None,None
CATALOG,Scraped Parts Queue Review,"Approve, Edit, Reject Raw Ingested Data",CUSTOMER_STAFF,temp_parts.review,/admin,GET /api/admin/temp-parts,Admin Queue View (#admin-queue-view),Platform Global,DENY,None,None
CATALOG,Catalog Scraper Trigger,Run Real-time Web Scraper against OEM Portals,SYSTEM_OWNER,scraper.manage,/super-admin,POST /api/admin/scrape-url,Scraper Execution Console,Platform Global,DENY,None,None
CATALOG,Catalog Scraper Trigger,Run Real-time Web Scraper against OEM Portals,SUPER_ADMIN,scraper.manage,/super-admin,POST /api/admin/scrape-url,Scraper Execution Console,Platform Global,ALLOW,None,None
CATALOG,Catalog Scraper Trigger,Run Real-time Web Scraper against OEM Portals,ADMIN,scraper.manage,/super-admin,POST /api/admin/scrape-url,Scraper Execution Console,Platform Global,DENY,None,None
CATALOG,Catalog Scraper Trigger,Run Real-time Web Scraper against OEM Portals,STAFF,scraper.manage,/super-admin,POST /api/admin/scrape-url,Scraper Execution Console,Platform Global,DENY,None,None
CATALOG,Catalog Scraper Trigger,Run Real-time Web Scraper against OEM Portals,CUSTOMER_OWNER,scraper.manage,/super-admin,POST /api/admin/scrape-url,Scraper Execution Console,Platform Global,DENY,None,None
CATALOG,Catalog Scraper Trigger,Run Real-time Web Scraper against OEM Portals,CUSTOMER_MANAGER,scraper.manage,/super-admin,POST /api/admin/scrape-url,Scraper Execution Console,Platform Global,DENY,None,None
CATALOG,Catalog Scraper Trigger,Run Real-time Web Scraper against OEM Portals,CUSTOMER_STAFF,scraper.manage,/super-admin,POST /api/admin/scrape-url,Scraper Execution Console,Platform Global,DENY,None,None
CATALOG,Vehicle Metadata Management,"Manage Car Makes, Models, Years & Categories",SYSTEM_OWNER,master_parts.manage,/admin,POST /api/admin/metadata/*,Metadata Admin Tab,Platform Global,DENY,None,None
CATALOG,Vehicle Metadata Management,"Manage Car Makes, Models, Years & Categories",SUPER_ADMIN,master_parts.manage,/admin,POST /api/admin/metadata/*,Metadata Admin Tab,Platform Global,ALLOW,None,None
CATALOG,Vehicle Metadata Management,"Manage Car Makes, Models, Years & Categories",ADMIN,master_parts.manage,/admin,POST /api/admin/metadata/*,Metadata Admin Tab,Platform Global,ALLOW,None,None
CATALOG,Vehicle Metadata Management,"Manage Car Makes, Models, Years & Categories",STAFF,master_parts.manage,/admin,POST /api/admin/metadata/*,Metadata Admin Tab,Platform Global,DENY,None,None
CATALOG,Vehicle Metadata Management,"Manage Car Makes, Models, Years & Categories",CUSTOMER_OWNER,master_parts.manage,/admin,POST /api/admin/metadata/*,Metadata Admin Tab,Platform Global,DENY,None,None
CATALOG,Vehicle Metadata Management,"Manage Car Makes, Models, Years & Categories",CUSTOMER_MANAGER,master_parts.manage,/admin,POST /api/admin/metadata/*,Metadata Admin Tab,Platform Global,DENY,None,None
CATALOG,Vehicle Metadata Management,"Manage Car Makes, Models, Years & Categories",CUSTOMER_STAFF,master_parts.manage,/admin,POST /api/admin/metadata/*,Metadata Admin Tab,Platform Global,DENY,None,None
COMMERCIAL,MRR / ARR Revenue Analytics,"Track Monthly Recurring Revenue, Churn & ARPU",SYSTEM_OWNER,mrr.view,/owner,GET /api/owner/revenue,Owner View (#owner-view),Platform Global,ALLOW,None,None
COMMERCIAL,MRR / ARR Revenue Analytics,"Track Monthly Recurring Revenue, Churn & ARPU",SUPER_ADMIN,mrr.view,/owner,GET /api/owner/revenue,Owner View (#owner-view),Platform Global,DENY,None,None
COMMERCIAL,MRR / ARR Revenue Analytics,"Track Monthly Recurring Revenue, Churn & ARPU",ADMIN,mrr.view,/owner,GET /api/owner/revenue,Owner View (#owner-view),Platform Global,DENY,None,None
COMMERCIAL,MRR / ARR Revenue Analytics,"Track Monthly Recurring Revenue, Churn & ARPU",STAFF,mrr.view,/owner,GET /api/owner/revenue,Owner View (#owner-view),Platform Global,DENY,None,None
COMMERCIAL,MRR / ARR Revenue Analytics,"Track Monthly Recurring Revenue, Churn & ARPU",CUSTOMER_OWNER,mrr.view,/owner,GET /api/owner/revenue,Owner View (#owner-view),Platform Global,DENY,None,None
COMMERCIAL,MRR / ARR Revenue Analytics,"Track Monthly Recurring Revenue, Churn & ARPU",CUSTOMER_MANAGER,mrr.view,/owner,GET /api/owner/revenue,Owner View (#owner-view),Platform Global,DENY,None,None
COMMERCIAL,MRR / ARR Revenue Analytics,"Track Monthly Recurring Revenue, Churn & ARPU",CUSTOMER_STAFF,mrr.view,/owner,GET /api/owner/revenue,Owner View (#owner-view),Platform Global,DENY,None,None
COMMERCIAL,Customer 360 & Health,"Holistic Customer Value, Usage & Retention",SYSTEM_OWNER,customer.manage,/owner,GET /api/owner/customers/{id}/360,Customer 360 Modal (#modal-owner-customer-360),Platform Global,ALLOW,None,None
COMMERCIAL,Customer 360 & Health,"Holistic Customer Value, Usage & Retention",SUPER_ADMIN,customer.manage,/owner,GET /api/owner/customers/{id}/360,Customer 360 Modal (#modal-owner-customer-360),Platform Global,DENY,None,None
COMMERCIAL,Customer 360 & Health,"Holistic Customer Value, Usage & Retention",ADMIN,customer.manage,/owner,GET /api/owner/customers/{id}/360,Customer 360 Modal (#modal-owner-customer-360),Platform Global,DENY,None,None
COMMERCIAL,Customer 360 & Health,"Holistic Customer Value, Usage & Retention",STAFF,customer.manage,/owner,GET /api/owner/customers/{id}/360,Customer 360 Modal (#modal-owner-customer-360),Platform Global,DENY,None,None
COMMERCIAL,Customer 360 & Health,"Holistic Customer Value, Usage & Retention",CUSTOMER_OWNER,customer.manage,/owner,GET /api/owner/customers/{id}/360,Customer 360 Modal (#modal-owner-customer-360),Platform Global,DENY,None,None
COMMERCIAL,Customer 360 & Health,"Holistic Customer Value, Usage & Retention",CUSTOMER_MANAGER,customer.manage,/owner,GET /api/owner/customers/{id}/360,Customer 360 Modal (#modal-owner-customer-360),Platform Global,DENY,None,None
COMMERCIAL,Customer 360 & Health,"Holistic Customer Value, Usage & Retention",CUSTOMER_STAFF,customer.manage,/owner,GET /api/owner/customers/{id}/360,Customer 360 Modal (#modal-owner-customer-360),Platform Global,DENY,None,None
COMMERCIAL,Commercial Pricing Management,"Edit Plan Prices, Quotas & Add-ons",SYSTEM_OWNER,pricing.manage,/owner,PUT /api/owner/plans/{id},Owner Pricing Control Panel,Platform Global,ALLOW,None,None
COMMERCIAL,Commercial Pricing Management,"Edit Plan Prices, Quotas & Add-ons",SUPER_ADMIN,pricing.manage,/owner,PUT /api/owner/plans/{id},Owner Pricing Control Panel,Platform Global,DENY,None,None
COMMERCIAL,Commercial Pricing Management,"Edit Plan Prices, Quotas & Add-ons",ADMIN,pricing.manage,/owner,PUT /api/owner/plans/{id},Owner Pricing Control Panel,Platform Global,DENY,None,None
COMMERCIAL,Commercial Pricing Management,"Edit Plan Prices, Quotas & Add-ons",STAFF,pricing.manage,/owner,PUT /api/owner/plans/{id},Owner Pricing Control Panel,Platform Global,DENY,None,None
COMMERCIAL,Commercial Pricing Management,"Edit Plan Prices, Quotas & Add-ons",CUSTOMER_OWNER,pricing.manage,/owner,PUT /api/owner/plans/{id},Owner Pricing Control Panel,Platform Global,DENY,None,None
COMMERCIAL,Commercial Pricing Management,"Edit Plan Prices, Quotas & Add-ons",CUSTOMER_MANAGER,pricing.manage,/owner,PUT /api/owner/plans/{id},Owner Pricing Control Panel,Platform Global,DENY,None,None
COMMERCIAL,Commercial Pricing Management,"Edit Plan Prices, Quotas & Add-ons",CUSTOMER_STAFF,pricing.manage,/owner,PUT /api/owner/plans/{id},Owner Pricing Control Panel,Platform Global,DENY,None,None
COMMERCIAL,RBAC Permission Matrix Toggle,Live Platform Permission Matrix Switchboard,SYSTEM_OWNER,pricing.manage,/owner,POST /api/owner/roles/permission,Owner RBAC Table,Platform Global,ALLOW,None,None
COMMERCIAL,RBAC Permission Matrix Toggle,Live Platform Permission Matrix Switchboard,SUPER_ADMIN,pricing.manage,/owner,POST /api/owner/roles/permission,Owner RBAC Table,Platform Global,DENY,None,None
COMMERCIAL,RBAC Permission Matrix Toggle,Live Platform Permission Matrix Switchboard,ADMIN,pricing.manage,/owner,POST /api/owner/roles/permission,Owner RBAC Table,Platform Global,DENY,None,None
COMMERCIAL,RBAC Permission Matrix Toggle,Live Platform Permission Matrix Switchboard,STAFF,pricing.manage,/owner,POST /api/owner/roles/permission,Owner RBAC Table,Platform Global,DENY,None,None
COMMERCIAL,RBAC Permission Matrix Toggle,Live Platform Permission Matrix Switchboard,CUSTOMER_OWNER,pricing.manage,/owner,POST /api/owner/roles/permission,Owner RBAC Table,Platform Global,DENY,None,None
COMMERCIAL,RBAC Permission Matrix Toggle,Live Platform Permission Matrix Switchboard,CUSTOMER_MANAGER,pricing.manage,/owner,POST /api/owner/roles/permission,Owner RBAC Table,Platform Global,DENY,None,None
COMMERCIAL,RBAC Permission Matrix Toggle,Live Platform Permission Matrix Switchboard,CUSTOMER_STAFF,pricing.manage,/owner,POST /api/owner/roles/permission,Owner RBAC Table,Platform Global,DENY,None,None
CRM,Lead & Deal Pipeline,Manage Sales Funnel from Lead to Subscribed,SYSTEM_OWNER,pipeline.manage,/staff,GET /api/owner/pipeline,CRM Pipeline Kanban,Platform Global,ALLOW,None,None
CRM,Lead & Deal Pipeline,Manage Sales Funnel from Lead to Subscribed,SUPER_ADMIN,pipeline.manage,/staff,GET /api/owner/pipeline,CRM Pipeline Kanban,Platform Global,DENY,None,None
CRM,Lead & Deal Pipeline,Manage Sales Funnel from Lead to Subscribed,ADMIN,pipeline.manage,/staff,GET /api/owner/pipeline,CRM Pipeline Kanban,Platform Global,ALLOW,None,None
CRM,Lead & Deal Pipeline,Manage Sales Funnel from Lead to Subscribed,STAFF,pipeline.manage,/staff,GET /api/owner/pipeline,CRM Pipeline Kanban,Platform Global,DENY,None,None
CRM,Lead & Deal Pipeline,Manage Sales Funnel from Lead to Subscribed,CUSTOMER_OWNER,pipeline.manage,/staff,GET /api/owner/pipeline,CRM Pipeline Kanban,Platform Global,DENY,None,None
CRM,Lead & Deal Pipeline,Manage Sales Funnel from Lead to Subscribed,CUSTOMER_MANAGER,pipeline.manage,/staff,GET /api/owner/pipeline,CRM Pipeline Kanban,Platform Global,DENY,None,None
CRM,Lead & Deal Pipeline,Manage Sales Funnel from Lead to Subscribed,CUSTOMER_STAFF,pipeline.manage,/staff,GET /api/owner/pipeline,CRM Pipeline Kanban,Platform Global,DENY,None,None
SYSTEM,System Health & Diagnostics,"Database Connections, Memory & Cache Health",SYSTEM_OWNER,system.health,/super-admin,GET /api/superadmin/system-health,System Health Monitor,Platform Global,DENY,None,None
SYSTEM,System Health & Diagnostics,"Database Connections, Memory & Cache Health",SUPER_ADMIN,system.health,/super-admin,GET /api/superadmin/system-health,System Health Monitor,Platform Global,ALLOW,None,None
SYSTEM,System Health & Diagnostics,"Database Connections, Memory & Cache Health",ADMIN,system.health,/super-admin,GET /api/superadmin/system-health,System Health Monitor,Platform Global,DENY,None,None
SYSTEM,System Health & Diagnostics,"Database Connections, Memory & Cache Health",STAFF,system.health,/super-admin,GET /api/superadmin/system-health,System Health Monitor,Platform Global,DENY,None,None
SYSTEM,System Health & Diagnostics,"Database Connections, Memory & Cache Health",CUSTOMER_OWNER,system.health,/super-admin,GET /api/superadmin/system-health,System Health Monitor,Platform Global,DENY,None,None
SYSTEM,System Health & Diagnostics,"Database Connections, Memory & Cache Health",CUSTOMER_MANAGER,system.health,/super-admin,GET /api/superadmin/system-health,System Health Monitor,Platform Global,DENY,None,None
SYSTEM,System Health & Diagnostics,"Database Connections, Memory & Cache Health",CUSTOMER_STAFF,system.health,/super-admin,GET /api/superadmin/system-health,System Health Monitor,Platform Global,DENY,None,None
SYSTEM,Platform Audit Trail,Global Administrative & Security Event Logs,SYSTEM_OWNER,audit.view,/super-admin,GET /api/superadmin/audit-logs,Security Audit Trail,Platform Global,DENY,None,None
SYSTEM,Platform Audit Trail,Global Administrative & Security Event Logs,SUPER_ADMIN,audit.view,/super-admin,GET /api/superadmin/audit-logs,Security Audit Trail,Platform Global,ALLOW,None,None
SYSTEM,Platform Audit Trail,Global Administrative & Security Event Logs,ADMIN,audit.view,/super-admin,GET /api/superadmin/audit-logs,Security Audit Trail,Platform Global,ALLOW,None,None
SYSTEM,Platform Audit Trail,Global Administrative & Security Event Logs,STAFF,audit.view,/super-admin,GET /api/superadmin/audit-logs,Security Audit Trail,Platform Global,DENY,None,None
SYSTEM,Platform Audit Trail,Global Administrative & Security Event Logs,CUSTOMER_OWNER,audit.view,/super-admin,GET /api/superadmin/audit-logs,Security Audit Trail,Platform Global,DENY,None,None
SYSTEM,Platform Audit Trail,Global Administrative & Security Event Logs,CUSTOMER_MANAGER,audit.view,/super-admin,GET /api/superadmin/audit-logs,Security Audit Trail,Platform Global,DENY,None,None
SYSTEM,Platform Audit Trail,Global Administrative & Security Event Logs,CUSTOMER_STAFF,audit.view,/super-admin,GET /api/superadmin/audit-logs,Security Audit Trail,Platform Global,DENY,None,None
DATA_PROTECTION,Automotive Data CSV Export,Bulk Extraction of OEM & Cross-Ref Catalog,SYSTEM_OWNER,export.use,N/A (Blocked),POST /api/saas/export,N/A (Removed),Global Deny for Customers,DENY,N/A,N/A
DATA_PROTECTION,Automotive Data CSV Export,Bulk Extraction of OEM & Cross-Ref Catalog,SUPER_ADMIN,export.use,N/A (Blocked),POST /api/saas/export,N/A (Removed),Global Deny for Customers,ALLOW,N/A,N/A
DATA_PROTECTION,Automotive Data CSV Export,Bulk Extraction of OEM & Cross-Ref Catalog,ADMIN,export.use,N/A (Blocked),POST /api/saas/export,N/A (Removed),Global Deny for Customers,ALLOW,N/A,N/A
DATA_PROTECTION,Automotive Data CSV Export,Bulk Extraction of OEM & Cross-Ref Catalog,STAFF,export.use,N/A (Blocked),POST /api/saas/export,N/A (Removed),Global Deny for Customers,DENY,N/A,N/A
DATA_PROTECTION,Automotive Data CSV Export,Bulk Extraction of OEM & Cross-Ref Catalog,CUSTOMER_OWNER,export.use,N/A (Blocked),POST /api/saas/export,N/A (Removed),Global Deny for Customers,DENY,N/A,N/A
DATA_PROTECTION,Automotive Data CSV Export,Bulk Extraction of OEM & Cross-Ref Catalog,CUSTOMER_MANAGER,export.use,N/A (Blocked),POST /api/saas/export,N/A (Removed),Global Deny for Customers,DENY,N/A,N/A
DATA_PROTECTION,Automotive Data CSV Export,Bulk Extraction of OEM & Cross-Ref Catalog,CUSTOMER_STAFF,export.use,N/A (Blocked),POST /api/saas/export,N/A (Removed),Global Deny for Customers,DENY,N/A,N/A
DATA_PROTECTION,Direct SQL & Database Access,Raw Query Execution & Direct SQLite Access,SYSTEM_OWNER,db.raw_access,N/A,N/A (No Endpoint Exists),N/A,Infrastructure,DENY,N/A,N/A
DATA_PROTECTION,Direct SQL & Database Access,Raw Query Execution & Direct SQLite Access,SUPER_ADMIN,db.raw_access,N/A,N/A (No Endpoint Exists),N/A,Infrastructure,DENY,N/A,N/A
DATA_PROTECTION,Direct SQL & Database Access,Raw Query Execution & Direct SQLite Access,ADMIN,db.raw_access,N/A,N/A (No Endpoint Exists),N/A,Infrastructure,DENY,N/A,N/A
DATA_PROTECTION,Direct SQL & Database Access,Raw Query Execution & Direct SQLite Access,STAFF,db.raw_access,N/A,N/A (No Endpoint Exists),N/A,Infrastructure,DENY,N/A,N/A
DATA_PROTECTION,Direct SQL & Database Access,Raw Query Execution & Direct SQLite Access,CUSTOMER_OWNER,db.raw_access,N/A,N/A (No Endpoint Exists),N/A,Infrastructure,DENY,N/A,N/A
DATA_PROTECTION,Direct SQL & Database Access,Raw Query Execution & Direct SQLite Access,CUSTOMER_MANAGER,db.raw_access,N/A,N/A (No Endpoint Exists),N/A,Infrastructure,DENY,N/A,N/A
DATA_PROTECTION,Direct SQL & Database Access,Raw Query Execution & Direct SQLite Access,CUSTOMER_STAFF,db.raw_access,N/A,N/A (No Endpoint Exists),N/A,Infrastructure,DENY,N/A,N/A
SECURITY,Role / Workspace Switcher,User-facing Client Role Escalation Switch,SYSTEM_OWNER,auth.switch_role,N/A (Prohibited),N/A (Prohibited),N/A (Removed),Security Invariant,DENY,N/A,N/A
SECURITY,Role / Workspace Switcher,User-facing Client Role Escalation Switch,SUPER_ADMIN,auth.switch_role,N/A (Prohibited),N/A (Prohibited),N/A (Removed),Security Invariant,DENY,N/A,N/A
SECURITY,Role / Workspace Switcher,User-facing Client Role Escalation Switch,ADMIN,auth.switch_role,N/A (Prohibited),N/A (Prohibited),N/A (Removed),Security Invariant,DENY,N/A,N/A
SECURITY,Role / Workspace Switcher,User-facing Client Role Escalation Switch,STAFF,auth.switch_role,N/A (Prohibited),N/A (Prohibited),N/A (Removed),Security Invariant,DENY,N/A,N/A
SECURITY,Role / Workspace Switcher,User-facing Client Role Escalation Switch,CUSTOMER_OWNER,auth.switch_role,N/A (Prohibited),N/A (Prohibited),N/A (Removed),Security Invariant,DENY,N/A,N/A
SECURITY,Role / Workspace Switcher,User-facing Client Role Escalation Switch,CUSTOMER_MANAGER,auth.switch_role,N/A (Prohibited),N/A (Prohibited),N/A (Removed),Security Invariant,DENY,N/A,N/A
SECURITY,Role / Workspace Switcher,User-facing Client Role Escalation Switch,CUSTOMER_STAFF,auth.switch_role,N/A (Prohibited),N/A (Prohibited),N/A (Removed),Security Invariant,DENY,N/A,N/A
